Area_sqft,Bedrooms,Bathrooms,Age,Price
800,2,1,10,4500000
1000,2,2,5,6000000
1200,3,2,7,7200000
1500,3,3,4,9500000
1800,4,3,3,12000000
2000,4,4,2,14000000
900,2,1,8,5000000
1300,3,2,6,7800000
1600,3,3,5,10000000
2200,4,4,1,16000000
814,2,2,29,3760000
2458,6,5,3,18120000
2171,5,4,27,13450000
1653,4,2,2,10890000
1639,3,1,14,10170000
2661,6,4,18,18450000
806,1,1,11,3920000
2274,5,5,4,16900000
1083,2,2,5,7240000
826,3,3,25,4620000
1864,3,2,9,11670000
2942,6,4,9,20020000
2366,4,2,28,14470000
2427,5,3,4,17120000
2322,5,5,28,15550000
2487,6,4,28,16270000
1832,5,4,18,12480000
907,3,2,5,7330000
2616,6,5,4,19080000
1681,3,2,8,11460000
1801,5,4,17,12040000
1490,3,2,4,10280000
1038,1,1,14,5480000
2825,5,4,3,20160000
2476,5,3,16,15610000
2145,5,3,0,15800000
1566,4,2,21,9440000
2575,6,5,1,19410000
1909,4,4,6,13860000
1664,4,3,5,12610000
1681,4,3,25,10530000
1145,2,2,1,7410000
821,2,2,13,5060000
1931,4,3,18,11810000
2731,6,4,15,18120000
753,1,1,21,4110000
2660,5,4,24,17190000
2587,6,5,12,17700000
1264,2,2,25,6360000
2116,5,3,9,14520000
996,3,1,30,4130000
2420,6,5,15,16430000
2281,6,5,22,15410000
1451,3,2,27,8570000
763,1,1,24,3510000
2930,6,5,26,17920000
1670,2,1,16,9930000
2744,5,3,1,19110000
2227,4,3,15,14620000
2468,5,4,5,18050000
2424,6,4,27,14510000
1067,2,1,7,6550000
1473,3,2,7,10150000
1720,5,5,7,12110000
1795,4,3,19,12080000
705,2,2,17,4190000
1912,4,2,29,11370000
970,2,1,12,5540000
2384,5,3,8,16620000
2240,5,3,1,16430000
2814,6,4,0,20250000
2388,4,3,11,15880000
1480,4,4,28,9120000
2922,6,4,16,19070000
1586,3,2,27,8820000
1382,2,1,3,9040000
2774,6,4,2,19900000
1489,3,3,25,9210000
783,2,2,3,5220000
1727,4,4,1,12770000
2510,6,4,12,17910000
1054,2,1,28,4620000
1711,3,2,21,9800000
911,2,2,3,6580000
2248,5,4,25,14640000
1742,5,3,26,10750000
1392,4,3,24,9090000
1144,3,2,27,6530000
1955,5,5,7,14650000
2208,4,4,30,13590000
2857,6,4,9,20700000
1649,3,2,24,9440000
985,2,1,17,4560000
2599,5,3,24,16950000
2112,5,4,19,13720000
2281,5,4,19,15030000
833,1,1,19,4690000
1349,2,1,24,6400000
2443,6,3,22,15110000
2598,6,4,4,17750000
